"par","value.ps2","value.calb","cal"
"air.temp.r1",0.0735426766754151,0.0350484970821736,TRUE
"air.temp.r3",NA,0,TRUE
"int.f0",-0.605683377135473,0.786135829788026,TRUE
"int.r2",-1.79918545831297,-1.39513987881312,TRUE
